{
	"IcoMoonType": "selection",
	"icons": [
		{
			"icon": {
				"paths": [
					"M622.826 702.736c-22.11-3.518-22.614-64.314-22.614-64.314s64.968-64.316 79.128-150.802c38.090 0 61.618-91.946 23.522-124.296 1.59-34.054 48.96-267.324-190.862-267.324-239.822 0-192.45 233.27-190.864 267.324-38.094 32.35-14.57 124.296 23.522 124.296 14.158 86.486 79.128 150.802 79.128 150.802s-0.504 60.796-22.614 64.314c-71.22 11.332-337.172 128.634-337.172 257.264h896c0-128.63-265.952-245.932-337.174-257.264z"
				],
				"tags": [
					"user",
					"profile",
					"avatar",
					"person",
					"talk",
					"member"
				],
				"grid": 16,
				"attrs": []
			},
			"attrs": [],
			"properties": {
				"id": 112,
				"order": 4,
				"prevSize": 32,
				"code": 58882,
				"name": "user"
			},
			"setIdx": 0,
			"setId": 3,
			"iconIdx": 112
		},
		{
			"icon": {
				"paths": [
					"M864 128l-480 480-224-224-160 160 384 384 640-640z"
				],
				"tags": [
					"checkmark",
					"tick",
					"correct",
					"accept",
					"ok"
				],
				"grid": 16,
				"attrs": []
			},
			"attrs": [],
			"properties": {
				"id": 254,
				"order": 6,
				"prevSize": 32,
				"code": 58883,
				"name": "checkmark"
			},
			"setIdx": 0,
			"setId": 3,
			"iconIdx": 254
		},
		{
			"icon": {
				"paths": [
					"M992 384h-352v-352c0-17.672-14.328-32-32-32h-192c-17.672 0-32 14.328-32 32v352h-352c-17.672 0-32 14.328-32 32v192c0 17.672 14.328 32 32 32h352v352c0 17.672 14.328 32 32 32h192c17.672 0 32-14.328 32-32v-352h352c17.672 0 32-14.328 32-32v-192c0-17.672-14.328-32-32-32z"
				],
				"tags": [
					"plus",
					"add",
					"sum"
				],
				"grid": 16,
				"attrs": []
			},
			"attrs": [],
			"properties": {
				"id": 258,
				"order": 2,
				"prevSize": 32,
				"code": 58880,
				"name": "plus"
			},
			"setIdx": 0,
			"setId": 3,
			"iconIdx": 258
		},
		{
			"icon": {
				"paths": [
					"M402.746 146.746l-320 320c-24.994 24.992-24.994 65.516 0 90.508l320 320c24.994 24.992 65.516 24.992 90.51 0 24.996-24.992 24.996-65.516 0-90.508l-210.748-210.746h613.492c35.346 0 64-28.652 64-64 0-35.346-28.654-64-64-64h-613.492l210.746-210.746c12.496-12.496 18.746-28.876 18.746-45.254s-6.248-32.758-18.744-45.254c-24.996-24.994-65.516-24.994-90.51 0z"
				],
				"tags": [
					"arrow-left",
					"left",
					"previous"
				],
				"grid": 16,
				"attrs": []
			},
			"attrs": [],
			"properties": {
				"id": 302,
				"order": 5,
				"prevSize": 32,
				"code": 58884,
				"name": "arrow-left2"
			},
			"setIdx": 0,
			"setId": 3,
			"iconIdx": 302
		}
	],
	"height": 1024,
	"metadata": {
		"name": "icomoon"
	},
	"preferences": {
		"fontPref": {
			"prefix": "icon-",
			"metadata": {
				"fontFamily": "icomoon"
			},
			"showGlyphs": true,
			"metrics": {
				"emSize": 512,
				"baseline": 6.25,
				"whitespace": 50
			},
			"resetPoint": 58880,
			"showQuickUse": true,
			"quickUsageToken": false,
			"showMetrics": true,
			"showMetadata": false,
			"autoHost": true
		},
		"imagePref": {
			"color": 0,
			"height": 32,
			"columns": 16,
			"margin": 16,
			"png": false,
			"sprites": true,
			"prefix": "icon-"
		},
		"historySize": 100,
		"showCodes": true,
		"gridSize": 16,
		"showLiga": false,
		"showGrid": true,
		"showGlyphs": true,
		"showQuickUse": true,
		"search": "link",
		"showQuickUse2": true,
		"showSVGs": true,
		"quickUsageToken": {
			"twitch-notify": "NTdhY2VkZDZmODdkMmE1YmZkOGNlMDU1ZTEzZmRkMTcjMSMxNDMwOTE3OTE5IyMj"
		},
		"fontHostingName": false
	}
}